{
  "generatedAt": "2026-04-23T03:26:01.784Z",
  "episodes": 500,
  "alpha": 0.005,
  "gamma": 0.95,
  "maxSteps": 400,
  "preset": "triple-standard",
  "checkpointEvery": 25,
  "checkpointGames": 50,
  "startingWeights": {
    "bias": 51.552036,
    "immediateScore": 2.253674,
    "immediateHonor": 4.68639,
    "immediateRunes": -0.053256,
    "immediatePower": 3.182244,
    "drawCards": 4.648105,
    "starterTrashRemoved": 4.893967,
    "targetCardValue": 4.096832,
    "targetMonsterValue": 0.059189,
    "gainsConstruct": -1.200211,
    "gainsHero": -0.386078,
    "defeatsMonster": 9.000088,
    "defeatsCultist": -5.221126,
    "defeatsFallenGod": 16.893118,
    "pendingResolved": -0.106595,
    "endTurnPenalty": -7.73895,
    "resourceWasteRunes": -2.965596,
    "resourceWastePower": -5.634911,
    "handCardsLeft": -1.8554,
    "reserveInsteadOfCenterPenalty": -1.510403,
    "cultistInsteadOfMonsterPenalty": -3.07575,
    "voidSynergy": 0.349905,
    "mechanaSynergy": 0.070765,
    "reserveMysticPenalty": -4.483204,
    "reserveHeavyInfantryBonus": -3.039383
  },
  "latestWeights": {
    "bias": 23.479978247119757,
    "immediateScore": 1.459938539371551,
    "immediateHonor": 6.5606307594569016,
    "immediateRunes": 1.7547809615250807,
    "immediatePower": 3.2342692757445026,
    "drawCards": 1.0645729648701932,
    "starterTrashRemoved": 1.387488407918737,
    "targetCardValue": 1.3844895016448793,
    "targetMonsterValue": -3.9365074273977414,
    "gainsConstruct": 2.7434969134968084,
    "gainsHero": 5.8131124068094415,
    "defeatsMonster": 9.844777891450397,
    "defeatsCultist": -2.2877285115588055,
    "defeatsFallenGod": 11.516241262871757,
    "pendingResolved": -0.14468299347143285,
    "endTurnPenalty": 4.611632050186383,
    "resourceWasteRunes": -5.27986300168619,
    "resourceWastePower": -2.884886497441765,
    "handCardsLeft": -1.3589183753277039,
    "reserveInsteadOfCenterPenalty": 0.19258770595220515,
    "cultistInsteadOfMonsterPenalty": -0.783293790525949,
    "voidSynergy": -0.48680142161103446,
    "mechanaSynergy": -0.1967220104404813,
    "reserveMysticPenalty": -3.414722056087906,
    "reserveHeavyInfantryBonus": -3.4685939409440705
  },
  "bestWeights": {
    "bias": 24.842584416214503,
    "immediateScore": 2.6060665721498597,
    "immediateHonor": 4.219109753451992,
    "immediateRunes": 1.8006242997426631,
    "immediatePower": 2.882595608756941,
    "drawCards": 2.7599800894498143,
    "starterTrashRemoved": 4.663580810069168,
    "targetCardValue": 3.0170595954709345,
    "targetMonsterValue": -2.8466868887093075,
    "gainsConstruct": -0.9847652392900564,
    "gainsHero": 2.5856067405111793,
    "defeatsMonster": 8.16844908495374,
    "defeatsCultist": -4.5746975983227935,
    "defeatsFallenGod": 16.037496446855435,
    "pendingResolved": -0.8829261061050063,
    "endTurnPenalty": -1.0954812557669475,
    "resourceWasteRunes": 0.1822986031615499,
    "resourceWastePower": -1.4238448166516628,
    "handCardsLeft": -0.3299028230162424,
    "reserveInsteadOfCenterPenalty": -1.11703153800287,
    "cultistInsteadOfMonsterPenalty": -2.922681412544814,
    "voidSynergy": -0.35457977462828155,
    "mechanaSynergy": -0.1160683514062186,
    "reserveMysticPenalty": -4.234217794180579,
    "reserveHeavyInfantryBonus": -2.997065226851697
  },
  "bestCheckpoint": {
    "episode": 25,
    "metrics": {
      "preset": "triple-standard",
      "games": 50,
      "wins": 15,
      "winRate": 0.3,
      "topTwoRate": 0.64,
      "averagePlacement": 2.18,
      "averageScore": 70.28,
      "averageHonor": 42.12
    }
  },
  "lastEpisodes": [
    {
      "rlPlayerId": "player-3",
      "epsilon": 0.05,
      "rlDecisions": 122,
      "gameOver": true,
      "winnerIds": [
        "player-1"
      ],
      "scoreboard": [
        {
          "id": "player-1",
          "name": "电脑 标准 2",
          "isAi": true,
          "score": 121,
          "honor": 59,
          "deckSize": 40,
          "constructs": 1
        },
        {
          "id": "player-4",
          "name": "电脑 标准 3",
          "isAi": true,
          "score": 79,
          "honor": 35,
          "deckSize": 25,
          "constructs": 1
        },
        {
          "id": "player-2",
          "name": "电脑 标准 1",
          "isAi": true,
          "score": 55,
          "honor": 3,
          "deckSize": 34,
          "constructs": 2
        },
        {
          "id": "player-3",
          "name": "RL 暗杀神",
          "isAi": true,
          "score": 43,
          "honor": 23,
          "deckSize": 29,
          "constructs": 0
        }
      ]
    },
    {
      "rlPlayerId": "player-2",
      "epsilon": 0.05,
      "rlDecisions": 165,
      "gameOver": true,
      "winnerIds": [
        "player-1"
      ],
      "scoreboard": [
        {
          "id": "player-1",
          "name": "电脑 标准 1",
          "isAi": true,
          "score": 87,
          "honor": 23,
          "deckSize": 37,
          "constructs": 2
        },
        {
          "id": "player-2",
          "name": "RL 暗杀神",
          "isAi": true,
          "score": 66,
          "honor": 43,
          "deckSize": 31,
          "constructs": 0
        },
        {
          "id": "player-3",
          "name": "电脑 标准 3",
          "isAi": true,
          "score": 66,
          "honor": 24,
          "deckSize": 32,
          "constructs": 1
        },
        {
          "id": "player-4",
          "name": "电脑 标准 2",
          "isAi": true,
          "score": 65,
          "honor": 30,
          "deckSize": 29,
          "constructs": 1
        }
      ]
    },
    {
      "rlPlayerId": "player-1",
      "epsilon": 0.05,
      "rlDecisions": 148,
      "gameOver": true,
      "winnerIds": [
        "player-3"
      ],
      "scoreboard": [
        {
          "id": "player-3",
          "name": "电脑 标准 3",
          "isAi": true,
          "score": 93,
          "honor": 40,
          "deckSize": 35,
          "constructs": 1
        },
        {
          "id": "player-2",
          "name": "电脑 标准 2",
          "isAi": true,
          "score": 71,
          "honor": 27,
          "deckSize": 26,
          "constructs": 3
        },
        {
          "id": "player-4",
          "name": "电脑 标准 1",
          "isAi": true,
          "score": 63,
          "honor": 17,
          "deckSize": 34,
          "constructs": 1
        },
        {
          "id": "player-1",
          "name": "RL 暗杀神",
          "isAi": true,
          "score": 58,
          "honor": 36,
          "deckSize": 31,
          "constructs": 0
        }
      ]
    },
    {
      "rlPlayerId": "player-2",
      "epsilon": 0.05,
      "rlDecisions": 167,
      "gameOver": true,
      "winnerIds": [
        "player-3"
      ],
      "scoreboard": [
        {
          "id": "player-3",
          "name": "电脑 标准 2",
          "isAi": true,
          "score": 91,
          "honor": 36,
          "deckSize": 40,
          "constructs": 2
        },
        {
          "id": "player-4",
          "name": "电脑 标准 3",
          "isAi": true,
          "score": 80,
          "honor": 20,
          "deckSize": 34,
          "constructs": 5
        },
        {
          "id": "player-2",
          "name": "RL 暗杀神",
          "isAi": true,
          "score": 78,
          "honor": 48,
          "deckSize": 37,
          "constructs": 0
        },
        {
          "id": "player-1",
          "name": "电脑 标准 1",
          "isAi": true,
          "score": 71,
          "honor": 16,
          "deckSize": 39,
          "constructs": 2
        }
      ]
    },
    {
      "rlPlayerId": "player-3",
      "epsilon": 0.05,
      "rlDecisions": 127,
      "gameOver": true,
      "winnerIds": [
        "player-1"
      ],
      "scoreboard": [
        {
          "id": "player-1",
          "name": "电脑 标准 3",
          "isAi": true,
          "score": 95,
          "honor": 43,
          "deckSize": 35,