{
  "generatedAt": "2026-04-23T11:38:51.500Z",
  "method": "evolution-strategy",
  "preset": "triple-standard",
  "generations": 10,
  "populationSize": 20,
  "evalGames": 50,
  "initialSigma": 0.8,
  "sigmaDecay": 0.95,
  "currentGeneration": 10,
  "currentWeights": {
    "bias": 21.999353130346012,
    "immediateScore": 4.661056648267864,
    "immediateHonor": -1.2137132708611116,
    "immediateRunes": 1.693415653257975,
    "immediatePower": 2.9849327167845066,
    "drawCards": 4.855984800478598,
    "starterTrashRemoved": 0.744576073080022,
    "targetCardValue": 1.5004841310270178,
    "targetMonsterValue": -6.461205062294816,
    "gainsConstruct": 0.6503812719701381,
    "gainsHero": -2.250790643071589,
    "defeatsMonster": 1.6439562828585963,
    "defeatsCultist": -4.604576682081851,
    "defeatsFallenGod": 13.816627554563805,
    "pendingResolved": -1.785032643147008,
    "endTurnPenalty": -7.954132914374393,
    "resourceWasteRunes": -6.091099676615266,
    "resourceWastePower": -7.991474916754748,
    "handCardsLeft": -1.5048347832081714,
    "reserveInsteadOfCenterPenalty": 3.3325550266241315,
    "cultistInsteadOfMonsterPenalty": -7.641079470213835,
    "voidSynergy": 2.0125254945466966,
    "mechanaSynergy": -0.8174804348859398,
    "reserveMysticPenalty": -8.237295025601345,
    "reserveHeavyInfantryBonus": -0.7443908183664201
  },
  "generationHistory": [
    {
      "generation": 1,
      "sigma": 0.8,
      "bestWinRate": 0.5,
      "bestAvgScore": 78.98,
      "baselineWinRate": 0.22,
      "baselineAvgScore": 70.52,
      "improved": true,
      "weights": {
        "bias": 22.649340508035728,
        "immediateScore": 5.140547872689668,
        "immediateHonor": -0.17665442612091165,
        "immediateRunes": 0.7363300528802021,
        "immediatePower": 1.1849975060363813,
        "drawCards": 3.136451059565905,
        "starterTrashRemoved": 3.0650132902294405,
        "targetCardValue": 2.012447905006603,
        "targetMonsterValue": -6.844268747263784,
        "gainsConstruct": 2.273953519080841,
        "gainsHero": 1.4295835447441159,
        "defeatsMonster": 4.728558080018066,
        "defeatsCultist": -4.3833523839199104,
        "defeatsFallenGod": 15.89674441914849,
        "pendingResolved": -0.7716483014866159,
        "endTurnPenalty": -4.885589669551196,
        "resourceWasteRunes": -3.20502451452684,
        "resourceWastePower": -5.284316387781981,
        "handCardsLeft": -0.9585546073384928,
        "reserveInsteadOfCenterPenalty": 4.646989820893344,
        "cultistInsteadOfMonsterPenalty": -6.64476839404654,
        "voidSynergy": 1.2071204018799038,
        "mechanaSynergy": 1.6545876408467166,
        "reserveMysticPenalty": -6.7508494195304545,
        "reserveHeavyInfantryBonus": -3.355194241016104
      }
    },
    {
      "generation": 2,
      "sigma": 0.76,
      "bestWinRate": 0.58,
      "bestAvgScore": 77.76,
      "baselineWinRate": 0.22,
      "baselineAvgScore": 70.52,
      "improved": true,
      "weights": {
        "bias": 23.123289984610818,
        "immediateScore": 6.290458174872777,
        "immediateHonor": 0.4258814258883936,
        "immediateRunes": 0.12532941547167376,
        "immediatePower": 1.6787395563060772,
        "drawCards": 4.391803152513587,
        "starterTrashRemoved": 1.408887505394108,
        "targetCardValue": 1.7314150171666762,
        "targetMonsterValue": -7.02727590178091,
        "gainsConstruct": 1.3910459842591147,
        "gainsHero": 1.020999804033924,
        "defeatsMonster": 5.258424874470601,
        "defeatsCultist": -5.151108206744903,
        "defeatsFallenGod": 16.19488729975363,
        "pendingResolved": -1.2584139754280184,
        "endTurnPenalty": -4.053218569044349,
        "resourceWasteRunes": -3.4412551677843983,
        "resourceWastePower": -5.793521884754563,
        "handCardsLeft": -1.6852397427623051,
        "reserveInsteadOfCenterPenalty": 5.2711907109001706,
        "cultistInsteadOfMonsterPenalty": -7.753268808222249,
        "voidSynergy": 1.697704255228529,
        "mechanaSynergy": 1.5053072405514896,
        "reserveMysticPenalty": -7.107440090541782,
        "reserveHeavyInfantryBonus": -1.6979909602565075
      }
    },
    {
      "generation": 3,
      "sigma": 0.722,
      "bestWinRate": 0.68,
      "bestAvgScore": 79.08,
      "baselineWinRate": 0.22,
      "baselineAvgScore": 70.52,
      "improved": true,
      "weights": {
        "bias": 22.592965391777344,
        "immediateScore": 5.278870404213008,
        "immediateHonor": -0.7240308221916048,
        "immediateRunes": 0.724503343665797,
        "immediatePower": 2.2081126343049,
        "drawCards": 4.213849172114818,
        "starterTrashRemoved": 1.162979343804272,
        "targetCardValue": 0.574717269090999,
        "targetMonsterValue": -8.083004096619872,
        "gainsConstruct": 0.2529789081774785,
        "gainsHero": 0.2267893558367685,
        "defeatsMonster": 4.958397990391846,
        "defeatsCultist": -4.965511304622967,
        "defeatsFallenGod": 15.290585462859722,
        "pendingResolved": -2.2373866817569965,
        "endTurnPenalty": -4.740161140607279,
        "resourceWasteRunes": -4.042391190407003,
        "resourceWastePower": -7.034181417796074,
        "handCardsLeft": -2.0496013142451224,
        "reserveInsteadOfCenterPenalty": 4.8389382184967555,
        "cultistInsteadOfMonsterPenalty": -7.928582482508083,
        "voidSynergy": 2.954355504698186,
        "mechanaSynergy": 0.25747789562857437,
        "reserveMysticPenalty": -7.120294867120612,
        "reserveHeavyInfantryBonus": -1.8602204162424956
      }
    },
    {
      "generation": 4,
      "sigma": 0.6859,
      "bestWinRate": 0.64,
      "bestAvgScore": 80.6,
      "baselineWinRate": 0.22,
      "baselineAvgScore": 70.52,
      "improved": true,
      "weights": {
        "bias": 23.049397657563233,
        "immediateScore": 5.385463344555733,
        "immediateHonor": -1.7637973715108881,
        "immediateRunes": 2.049007540168192,
        "immediatePower": 2.990473051336615,
        "drawCards": 4.424094861761076,
        "starterTrashRemoved": -0.11556656437679469,
        "targetCardValue": 0.875960330037201,
        "targetMonsterValue": -8.503261334255548,
        "gainsConstruct": 0.6016675935493496,
        "gainsHero": -0.6408938485605427,
        "defeatsMonster": 4.298383570885779,
        "defeatsCultist": -3.8620671911894275,
        "defeatsFallenGod": 15.728524492784475,
        "pendingResolved": -2.680215510260557,
        "endTurnPenalty": -6.02966209399988,
        "resourceWasteRunes": -4.291013621640563,
        "resourceWastePower": -7.441261682987188,
        "handCardsLeft": -2.3853944092601376,
        "reserveInsteadOfCenterPenalty": 5.167593055475122,
        "cultistInsteadOfMonsterPenalty": -7.377240857821021,
        "voidSynergy": 2.9429290825262058,
        "mechanaSynergy": -0.5605678947501108,
        "reserveMysticPenalty": -7.39346927926191,
        "reserveHeavyInfantryBonus": -1.1163736937929554
      }
    },
    {
      "generation": 5,
      "sigma": 0.6516049999999999,
      "bestWinRate": 0.6,
      "bestAvgScore": 79.78,
      "baselineWinRate": 0.22,
      "baselineAvgScore": 70.52,
      "improved": true,
      "weights": {
        "bias": 22.89453363910581,
        "immediateScore": 5.54481080294502,
        "immediateHonor": -2.051425992713011,
        "immediateRunes": 2.026424642177503,
        "immediatePower": 2.6498834098497137,
        "drawCards": 5.070632029788744,
        "starterTrashRemoved": -0.4238249400135857,
        "targetCardValue": 1.0302097791115488,
        "targetMonsterValue": -8.844592889995482,
        "gainsConstruct": 0.4402091905428588,
        "gainsHero": -0.27195098145050317,
        "defeatsMonster": 4.3264473387505475,
        "defeatsCultist": -5.063907962461132,
        "defeatsFallenGod": 15.053168472018934,
        "pendingResolved": -3.615532744139566,