{
  "episode": 500,
  "metrics": {
    "preset": "triple-standard",
    "games": 50,
    "wins": 1,
    "winRate": 0.02,
    "averageScore": 60.62,
    "averageHonor": 28.12
  },
  "weights": {
    "bias": 25.415398556588336,
    "immediateScore": 0.03818224426053288,
    "immediateHonor": 2.6885085159517756,
    "immediateRunes": -2.8041257476159918,
    "immediatePower": 0.8504553621515614,
    "drawCards": 4.546217720554902,
    "starterTrashRemoved": 4.912294817257112,
    "targetCardValue": 3.2209632951328695,
    "targetMonsterValue": -0.7604321748806431,
    "gainsConstruct": -2.969051800148999,
    "gainsHero": -3.259283785531309,
    "defeatsMonster": 7.442802162854467,
    "defeatsCultist": -6.981285917981845,
    "defeatsFallenGod": 17.507137063599693,
    "pendingResolved": -0.5058368229740527,
    "endTurnPenalty": -7.070299558553964,
    "resourceWasteRunes": -2.3755527094665183,
    "resourceWastePower": -3.9223637172164283,
    "handCardsLeft": -4.65661554106361,
    "reserveInsteadOfCenterPenalty": -0.5960876108993155,
    "cultistInsteadOfMonsterPenalty": -2.234658927643182,
    "voidSynergy": -0.78252960245235,
    "mechanaSynergy": -0.38592142920094286,
    "reserveMysticPenalty": -3.1509812718543815,
    "reserveHeavyInfantryBonus": -2.8329009108810306
  },
  "balancedScore": 22.998
}